{"embedTypes":["iframe"],"language":"en","defaultLanguage":"en","license":"U","extraTitle":"images","title":"images","mainLibrary":"H5P.ImageMultipleHotspotQuestion","preloadedDependencies":[{"machineName":"H5P.Question","majorVersion":1,"minorVersion":4},{"machineName":"FontAwesome","majorVersion":4,"minorVersion":5},{"machineName":"H5P.JoubelUI","majorVersion":1,"minorVersion":3},{"machineName":"H5P.Transition","majorVersion":1,"minorVersion":0},{"machineName":"H5P.FontIcons","majorVersion":1,"minorVersion":0},{"machineName":"H5P.ImageMultipleHotspotQuestion","majorVersion":1,"minorVersion":0}]}