{"title":"Question","machineName":"H5P.Question","majorVersion":1,"minorVersion":4,"patchVersion":10,"runnable":0,"license":"MIT","author":"Joubel","coreApi":{"majorVersion":1,"minorVersion":7},"preloadedCss":[{"path":"styles/question.css"},{"path":"styles/explainer.css"}],"preloadedJs":[{"path":"scripts/question.js"},{"path":"scripts/explainer.js"},{"path":"scripts/score-points.js"}],"preloadedDependencies":[{"machineName":"FontAwesome","majorVersion":4,"minorVersion":5},{"machineName":"H5P.JoubelUI","majorVersion":1,"minorVersion":3}]}