{"title":"Find Multiple Hotspots","description":"A question that is answered by pressing all the correct hotspots.","contentType":"Question","majorVersion":1,"minorVersion":0,"patchVersion":1,"runnable":1,"author":"Luke Muller","coreApi":{"majorVersion":1,"minorVersion":6},"machineName":"H5P.ImageMultipleHotspotQuestion","preloadedCss":[{"path":"image-multiple-hotspot-question.css"}],"preloadedJs":[{"path":"image-multiple-hotspot-question.js"}],"editorDependencies":[{"machineName":"H5PEditor.Wizard","majorVersion":1,"minorVersion":2},{"machineName":"H5PEditor.ImageMultipleHotspotQuestion","majorVersion":1,"minorVersion":0}],"preloadedDependencies":[{"machineName":"H5P.Question","majorVersion":1,"minorVersion":4}]}