{"imageMultipleHotspotQuestion":{"backgroundImageSettings":{"questionTitle":"Image hotspot question","backgroundImage":{"path":"images/file-pGavhbCjIHYVSffv.jpg","mime":"image/jpeg","copyright":{"license":"U"},"width":52,"height":52}},"hotspotSettings":{"hotspot":[{"userSettings":{"correct":true,"feedbackText":"hi"},"computedSettings":{"x":52.752293577981646,"y":33.25688073394495,"width":4.587155963302752,"height":4.587155963302752,"figure":"circle"}},{"userSettings":{"correct":true,"feedbackText":"bird"},"computedSettings":{"x":30.963302752293576,"y":19.495412844036696,"width":4.587155963302752,"height":4.587155963302752,"figure":"circle"}}],"taskDescription":"asdada","hotspotName":"dasdasda","numberHotspots":4,"noneSelectedFeedback":"sasdadasda","alreadySelectedFeedback":"asdadasdad"}}}